file,Label,rows,iforest_detect,rule_detect
Botnet-Friday-02-03-2018,Benign,627052,0.013758029637095489,0.0
Botnet-Friday-02-03-2018,Bot,144535,3.459369702840143e-05,0.0
DDoS1-Tuesday-20-02-2018,Benign,379482,0.010037366726221533,0.0
DDoS1-Tuesday-20-02-2018,DDoS attacks-LOIC-HTTP,575364,0.0,0.0
DDoS2-Wednesday-21-02-2018,Benign,360805,0.0049306412050830785,0.0
DDoS2-Wednesday-21-02-2018,DDOS attack-HOIC,198861,0.0,0.0
DDoS2-Wednesday-21-02-2018,DDOS attack-LOIC-UDP,1730,0.0,0.0
DoS1-Thursday-15-02-2018,Benign,743498,0.014356460945422853,0.0
DoS1-Thursday-15-02-2018,DoS attacks-GoldenEye,41406,0.0,0.0
DoS1-Thursday-15-02-2018,DoS attacks-Slowloris,9908,0.2230520791279774,0.0
DoS2-Friday-16-02-2018,Benign,446619,1.119522456500955e-05,0.0
DoS2-Friday-16-02-2018,DoS attacks-Hulk,145199,0.0,0.0
DoS2-Friday-16-02-2018,DoS attacks-SlowHTTPTest,55,0.0,0.0
Infil1-Wednesday-28-02-2018,Benign,400424,0.02677162208059457,0.0
Infil1-Wednesday-28-02-2018,Infilteration,56449,0.027759570585838545,0.0
Infil2-Thursday-01-03-2018,Benign,187136,0.024367305061559506,0.0
Infil2-Thursday-01-03-2018,Infilteration,62034,0.03976851404068737,0.0
Web1-Thursday-22-02-2018,Benign,829883,0.009450729801670837,0.0
Web1-Thursday-22-02-2018,Brute Force -Web,228,0.0,0.0
Web1-Thursday-22-02-2018,Brute Force -XSS,79,0.0,0.0
Web1-Thursday-22-02-2018,SQL Injection,34,0.0,0.0
Web2-Friday-23-02-2018,Benign,828864,0.010181404910817697,0.0
Web2-Friday-23-02-2018,Brute Force -Web,340,0.36470588235294116,0.0
Web2-Friday-23-02-2018,Brute Force -XSS,150,0.02666666666666667,0.0
Web2-Friday-23-02-2018,SQL Injection,51,0.0,0.0
