family,variant,rows,xgb_alone,ALERT,REVIEW,ALERT_by_rule_only,ALERT+REVIEW
Benign,VARIANT A: Infiltration -> ALERT,225001,0.0075288554273092115,0.007546633126074996,0.010177732543410919,4,0.017724365669485913
BruteForce,VARIANT A: Infiltration -> ALERT,14115,0.9993623804463337,0.9993623804463337,0.0,0,0.9993623804463337
DoS,VARIANT A: Infiltration -> ALERT,29485,0.9994912667458029,0.9994912667458029,0.0,0,0.9994912667458029
DDoS,VARIANT A: Infiltration -> ALERT,116393,0.9791396389817257,0.9791396389817257,0.0,0,0.9791396389817257
Bot,VARIANT A: Infiltration -> ALERT,21680,0.9915129151291513,0.9915129151291513,4.6125461254612545e-05,0,0.9915590405904059
Web,VARIANT A: Infiltration -> ALERT,133,0.5639097744360902,0.5639097744360902,0.15037593984962405,0,0.7142857142857143
Infiltration,VARIANT A: Infiltration -> ALERT,17772,0.12986720684222372,0.12992347512941707,0.013898266936754446,1,0.14382174206617152
Benign,VARIANT B: Infiltration -> REVIEW,225001,0.0075288554273092115,0.002342211812391945,0.015382153857093968,4,0.017724365669485913
BruteForce,VARIANT B: Infiltration -> REVIEW,14115,0.9993623804463337,0.9993623804463337,0.0,0,0.9993623804463337
DoS,VARIANT B: Infiltration -> REVIEW,29485,0.9994912667458029,0.9994912667458029,0.0,0,0.9994912667458029
DDoS,VARIANT B: Infiltration -> REVIEW,116393,0.9791396389817257,0.9791396389817257,0.0,0,0.9791396389817257
Bot,VARIANT B: Infiltration -> REVIEW,21680,0.9915129151291513,0.9915129151291513,4.6125461254612545e-05,0,0.9915590405904059
Web,VARIANT B: Infiltration -> REVIEW,133,0.5639097744360902,0.5639097744360902,0.15037593984962405,0,0.7142857142857143
Infiltration,VARIANT B: Infiltration -> REVIEW,17772,0.12986720684222372,0.0036574386675669594,0.14016430339860456,1,0.14382174206617152
