day,label,flows,alerts,flags,alert_rate,flag_rate,bg_alert,bg_flag,lift_alert,lift_flag,detected_ALERT,detected_ALERT+REVIEW
Botnet-Friday-02-03-2018,Bot,21680,21492,21493,0.9913284132841328,0.9913745387453875,0.0015793629902605948,0.0191027714060091,627.6761070110701,51.896895883574985,True,True
Bruteforce-Wednesday-14-02-2018,FTP-BruteForce,12,7,7,0.5833333333333334,0.5833333333333334,0.0015411114132898196,0.009881243767564137,378.5147058823529,59.034403669724774,True,True
Bruteforce-Wednesday-14-02-2018,SSH-Bruteforce,14103,14096,14096,0.999503651705311,0.999503651705311,0.0015411114132898196,0.009881243767564137,648.5602812918403,101.15160350423199,True,True
DDoS1-Tuesday-20-02-2018,DDoS attacks-LOIC-HTTP,86465,85116,85116,0.9843983114555023,0.9843983114555023,0.0017036850075719335,0.013440181726400808,577.8053496276592,73.24293164294272,True,True
DDoS2-Wednesday-21-02-2018,DDOS attack-HOIC,29663,27650,27650,0.9321376799379698,0.9321376799379698,6.519329812895235e-05,0.005019883955929331,14298.059872568518,185.6890892541366,True,True
DDoS2-Wednesday-21-02-2018,DDOS attack-LOIC-UDP,265,265,265,1.0,1.0,6.519329812895235e-05,0.005019883955929331,15338.999999999998,199.2077922077922,True,True
DoS1-Thursday-15-02-2018,DoS attacks-GoldenEye,6129,6126,6126,0.9995105237395986,0.9995105237395986,0.0016973035291103567,0.011721001729328124,588.881426684768,85.27517927402378,True,True
DoS1-Thursday-15-02-2018,DoS attacks-Slowloris,1504,1493,1493,0.992686170212766,0.992686170212766,0.0016973035291103567,0.011721001729328124,584.8607236049779,84.69294631438206,True,True
DoS2-Friday-16-02-2018,DoS attacks-Hulk,21847,21843,21843,0.9998169085000229,0.9998169085000229,0.0037168882839493248,0.0037168882839493248,268.99299417137235,268.99299417137235,True,True
DoS2-Friday-16-02-2018,DoS attacks-SlowHTTPTest,5,2,2,0.4,0.4,0.0037168882839493248,0.0037168882839493248,107.6169014084507,107.6169014084507,False,False
Infil1-Wednesday-28-02-2018,Infilteration,8519,24,998,0.0028172320694917243,0.11714990022303087,0.0016894844159627148,0.06023885814156714,1.6675099473388086,1.9447563223678193,False,False
Infil2-Thursday-01-03-2018,Infilteration,9253,28,1545,0.0030260456068302174,0.16697287366259592,0.0012766500702157538,0.06944976381973701,2.3703015238301095,2.404225219483665,False,False
Web1-Thursday-22-02-2018,Brute Force -Web,37,24,25,0.6486486486486487,0.6756756756756757,0.001056720169075227,0.010510081681613069,613.8319941563185,64.28833725029376,True,True
Web1-Thursday-22-02-2018,Brute Force -XSS,7,6,6,0.8571428571428571,0.8571428571428571,0.001056720169075227,0.010510081681613069,811.1351351351351,81.55434782608695,True,True
Web1-Thursday-22-02-2018,SQL Injection,3,1,1,0.3333333333333333,0.3333333333333333,0.001056720169075227,0.010510081681613069,315.44144144144144,31.715579710144926,False,False
Web2-Friday-23-02-2018,Brute Force -Web,55,24,43,0.43636363636363634,0.7818181818181819,0.0017231971050288635,0.012234699445704931,253.2290909090909,63.90170721297482,True,True
Web2-Friday-23-02-2018,Brute Force -XSS,17,10,10,0.5882352941176471,0.5882352941176471,0.0017231971050288635,0.012234699445704931,341.3627450980392,48.07925987296327,True,True
Web2-Friday-23-02-2018,SQL Injection,14,10,10,0.7142857142857143,0.7142857142857143,0.0017231971050288635,0.012234699445704931,414.51190476190476,58.381958417169685,True,True
