,Benign,Analysis,Backdoor,Bot,Brute Force,DDoS,DoS,Exploits,Fuzzers,Generic,Infiltration,Injection,MITM,Password,Ransomware,Reconnaissance,Scanning,Shellcode,Theft,Worms,XSS
Benign,413748,66,32,0,0,20,434,139,273,15,10907,57,22,40,5,5186,732,3,3,0,469
Analysis,12,18,18,0,0,0,0,19,6,42,0,0,0,0,0,0,0,0,0,0,0
Backdoor,5,51,2462,0,0,0,1,16,5,22,0,0,1,0,1,0,0,0,0,0,0
Bot,0,0,0,4205,0,0,0,0,0,0,0,0,0,0,0,0,0,0,0,0,0
Brute Force,1,0,0,0,18226,359,0,0,0,0,1,0,0,0,0,0,0,0,0,0,0
DDoS,27,0,0,0,106,131357,759,0,0,0,0,312,22,19,0,6,2,0,2,0,48
DoS,86,54,7,0,0,346,127617,301,11,38,7,32,654,11,0,811,5,2,0,1,2789
Exploits,11,69,11,0,0,0,9,4233,23,56,0,0,0,0,0,45,0,21,0,8,0
Fuzzers,20,35,9,0,0,0,0,9,2994,27,0,0,0,0,0,2,0,0,0,0,0
Generic,0,55,31,0,0,0,6,26,14,763,0,0,0,0,0,3,0,1,0,0,0
Infiltration,8915,0,0,0,0,0,4,0,0,0,8296,0,0,0,0,88,22,0,0,0,2
Injection,21,0,0,0,3,168,414,0,0,0,0,40407,33,767,0,2,4,0,0,0,2597
MITM,24,0,2,0,0,7,595,0,0,0,1,6,481,2,0,0,0,0,0,0,35
Password,8,0,0,0,0,14,37,0,0,0,0,840,3,41214,0,22,0,0,0,0,709
Ransomware,3,0,1,0,0,0,0,0,0,0,0,0,0,0,500,0,0,0,0,0,0
Reconnaissance,3091,42,7,0,0,24,1148,215,5,16,500,5,0,14,1,40828,170,0,18,1,7
Scanning,274,0,0,0,0,2,28,0,0,0,37,14,0,5,0,96,36913,0,0,0,16
Shellcode,1,0,2,0,0,0,1,10,0,1,0,0,0,0,0,0,0,199,0,0,0
Theft,1,0,0,0,0,0,0,0,0,0,0,0,0,0,3,8,0,0,336,0,0
Worms,0,0,0,0,0,0,0,9,0,0,0,0,0,0,0,0,0,0,0,16,0
XSS,17,0,1,0,0,1,545,0,0,0,1,587,39,777,0,1,3,0,0,0,42979
