,argmax,global 1.0%,per-network 1.0%,global 0.5%,per-network 0.5%,global 0.2%,per-network 0.2%
Analysis,0.9391304347826087,0.8782608695652174,1.0,0.8695652173913043,0.9826086956521739,0.5826086956521739,0.6608695652173913
Backdoor,0.9984399375975039,0.9980499219968799,0.9984399375975039,0.9972698907956318,0.9890795631825273,0.984789391575663,0.9859594383775351
Bot,1.0,1.0,1.0,1.0,1.0,1.0,1.0
Brute Force,0.9999461989562598,0.9998923979125195,0.9998923979125195,0.9998385968687793,0.9998923979125195,0.9994619895625975,0.9998385968687793
DDoS,0.9978214985677673,0.9975953565505804,0.9975953565505804,0.997482285541987,0.9960425146992311,0.9950324136891301,0.9925146992311171
DoS,0.9991413852318259,0.9986744193052752,0.9987798632241738,0.9980040972494201,0.991594613322086,0.985365890398578,0.9533109390534149
Exploits,0.9979937583593401,0.9955416852429781,1.0,0.9899687917967008,0.9995541685242978,0.9545251894783772,0.9752563530985288
Fuzzers,0.9916020671834626,0.9835271317829457,1.0,0.9751291989664083,0.9983850129198967,0.8992248062015504,0.9386304909560723
Generic,0.9955506117908788,0.9944382647385984,1.0,0.9911012235817576,1.0,0.9521690767519466,0.9655172413793104
Infiltration,0.482426271137531,0.31413401050383793,0.32977434062445893,0.1273734633808507,0.14007041034224044,0.08391527673573036,0.12183297743406245
Injection,0.9980187319884726,0.9969155259365994,0.9969380403458213,0.9955421469740634,0.9878422190201729,0.9760221541786743,0.9372973703170029
MITM,0.9748482220294883,0.9644405897658282,0.9644405897658282,0.955767562879445,0.9124024284475282,0.8837814397224631,0.7944492627927147
Password,0.999439867435293,0.9989264125843116,0.9989264125843116,0.9984829743039186,0.9954956006254814,0.9883539104254674,0.980582071090158
Ransomware,0.9781746031746031,0.9742063492063492,0.9742063492063492,0.9742063492063492,0.9702380952380952,0.9662698412698413,0.9623015873015873
Reconnaissance,0.9903670919031502,0.9897813069513147,0.5171613295148833,0.5178338974225463,0.5124533541612427,0.5081792935867395,0.5122147010327172
Scanning,0.9914404172796576,0.9870803798314832,0.9870803798314832,0.9842450180553698,0.9699077169987963,0.9065133074762606,0.8708037983148321
Shellcode,0.985981308411215,0.9813084112149533,1.0,0.9719626168224299,1.0,0.9485981308411215,0.9579439252336449
Theft,1.0,0.9942528735632183,0.9913793103448276,0.9913793103448276,0.9885057471264368,0.985632183908046,0.9885057471264368
Worms,1.0,1.0,1.0,1.0,1.0,1.0,1.0
XSS,0.9992436208315721,0.9979533269560188,0.9979533269560188,0.9974194122488932,0.9860959711686058,0.9752397054570532,0.8492580810215568
