held_out,class,rows,seen_in_training,detected_site_0.5%,correct_class_argmax
BoT-IoT,DDoS,298993,True,0.0,1.337823962433903e-05
BoT-IoT,DoS,298105,True,4.025427282333406e-05,1.0063568205833515e-05
BoT-IoT,Reconnaissance,296112,True,0.00019924893283622413,0.0
BoT-IoT,Theft,2316,False,0.059153713298791016,
CSE-CIC-IDS2018,Bot,28033,False,0.0,
CSE-CIC-IDS2018,Brute Force,123910,False,0.00024211120974901139,
CSE-CIC-IDS2018,DDoS,293366,True,0.0,0.0
CSE-CIC-IDS2018,DoS,300091,True,0.02302301635170665,0.010483486675708368
CSE-CIC-IDS2018,Infiltration,115513,False,0.006302320950888645,
CSE-CIC-IDS2018,Injection,432,True,0.0,0.8055555555555556
ToN-IoT,Backdoor,16259,True,0.0,0.0
ToN-IoT,DDoS,292037,True,8.560559107236411e-05,0.00015409006393025541
ToN-IoT,DoS,282790,True,0.0,8.133243749778988e-05
ToN-IoT,Injection,295673,True,6.426017931972145e-05,0.0
ToN-IoT,MITM,7682,False,0.0,
ToN-IoT,Password,285648,False,0.0003010698482047835,
ToN-IoT,Ransomware,3357,False,0.0,
ToN-IoT,Scanning,249236,False,0.04165128633102762,
ToN-IoT,XSS,299669,False,0.0,
UNSW-NB15,Analysis,770,False,0.0,
UNSW-NB15,Backdoor,833,True,0.0,0.0
UNSW-NB15,DoS,4172,True,0.0016778523489932886,0.0
UNSW-NB15,Exploits,29905,False,0.00033439224209998327,
UNSW-NB15,Fuzzers,20645,False,0.003293775732622911,
UNSW-NB15,Generic,5992,False,0.004005340453938585,
UNSW-NB15,Reconnaissance,11171,True,0.0,0.0
UNSW-NB15,Shellcode,1427,False,0.0,
UNSW-NB15,Worms,164,False,0.036585365853658534,
