network,class,rows,det_0.5%
BoT-IoT,DDoS,298993,0.0013645804416825811
BoT-IoT,DoS,298105,0.2644906995857164
BoT-IoT,Reconnaissance,296112,0.014859242448803156
BoT-IoT,Theft,2316,0.04404145077720207
CSE-CIC-IDS2018,Bot,28033,0.053437020654228944
CSE-CIC-IDS2018,Brute Force,123910,0.11652005487854088
CSE-CIC-IDS2018,DDoS,293366,0.017578724187533663
CSE-CIC-IDS2018,DoS,300091,0.6866417186786675
CSE-CIC-IDS2018,Infiltration,115513,0.008475236553461515
CSE-CIC-IDS2018,Injection,432,0.0
ToN-IoT,Backdoor,16259,0.0027676978903991636
ToN-IoT,DDoS,292037,0.12019367408924211
ToN-IoT,DoS,282790,0.00010254959510590898
ToN-IoT,Injection,295673,0.031098544676044143
ToN-IoT,MITM,7682,0.053762041135121064
ToN-IoT,Password,285648,0.12056447095726208
ToN-IoT,Ransomware,3357,0.12183497170092344
ToN-IoT,Scanning,249236,5.2159399123722096e-05
ToN-IoT,XSS,299669,0.01082861423770894
UNSW-NB15,Analysis,770,0.512987012987013
UNSW-NB15,Backdoor,833,0.5906362545018007
UNSW-NB15,DoS,4172,0.24041227229146692
UNSW-NB15,Exploits,29905,0.053669954857047314
UNSW-NB15,Fuzzers,20645,0.3231775248244127
UNSW-NB15,Generic,5992,0.5210280373831776
UNSW-NB15,Reconnaissance,11171,0.428967863217259
UNSW-NB15,Shellcode,1427,0.5024526979677646
UNSW-NB15,Worms,164,0.21951219512195122
